Actual,Random Forest (Log),XGBoost (Log),LightGBM (Log),Stacking Ensemble (Log)
1.0,1.0726450510441703,0.9730357,1.1447238848786272,1.1141931875641573
2.0,1.8349667464636035,2.2514522,2.2243070925977078,2.1804928156015535
1.0,1.2097113871423684,1.4638314,1.4004817722750955,1.5423396445733544
1.0,1.3103893412932255,1.1302309,1.3353235107366546,1.3565945860773772
2.0,2.580131334399939,2.24163,2.253949974001477,2.429331218714263
3.0,7.11177677777537,6.9173646,6.771052094584093,7.225765082197068
9.0,15.261853343554382,17.98411,15.46200074848863,15.712608763105365
1.0,1.1891848409091184,1.0865016,1.1201701304531135,1.2038095388197756
1.0,1.9076064376953745,1.9752841,2.388424496151511,2.2700275034139916
1.0,1.2110163122033701,1.1568489,1.0293520149627184,1.1259666243166704
65.0,17.893051538139513,18.971945,17.210192222729997,17.212399069639165
3.0,12.400795491740016,8.080448,6.544775683953946,7.127868059372355
9.0,14.018762352602828,13.685878,13.32194009542714,14.221949533702043
20.0,14.446252401299356,13.262835,12.199732672861836,11.699887802440397
1.0,2.2254738531601927,1.6895595,1.4683339262522574,1.7125046488849245
8.0,16.42911920119359,19.777208,17.166610926964495,16.956558357844653
3.0,17.20123855061318,15.118336,15.144839362534988,12.974306331456605
21.0,17.538107435584806,21.643856,17.60606689773351,17.674986941890975
1.0,1.7197247551424444,2.121807,2.367971281570563,2.3481750533470773
7.0,13.625703952783892,13.948751,15.140934458003475,13.488601278739509
19.0,13.201135807382009,19.531685,20.376357970991805,19.06112406920495
22.0,14.596098626606448,14.163781,12.941996555792143,12.609229041354906
4.0,4.922802181993214,3.8099866,3.6917486603736034,3.7564858069699216
20.0,9.367258719185715,9.733157,8.922036126594485,8.644891621793457
7.0,13.846411597457744,12.772623,15.169941780920784,12.986800791706605
40.0,18.44565330364118,24.580952,23.47830747107946,21.66339228902107
20.0,14.606559396560735,11.072033,11.129718083836973,10.705452775108414
15.0,9.270209962901259,7.9546394,9.107715185083972,7.799104849258033
21.0,15.671655567355845,17.407398,17.18090896010276,15.602825011920615
8.0,16.861633702231533,17.383614,16.740799446115183,17.594089057741698
22.0,15.30098606424147,21.578955,18.226282426349876,19.74597153882192
35.0,14.14367609266577,13.354052,13.78736130876772,12.626103890202927
1.0,11.528308062112693,13.156821,10.582796640825297,11.175961899370341
8.0,16.284041266831114,11.57959,13.821772339150879,11.56737846247458
12.0,19.485058304946133,18.299376,19.968878801447772,19.67275512056689
3.0,6.626102416543611,6.0961695,6.914670699478922,6.889274645952203
1.0,10.646820043936454,10.433755,12.034832396339365,11.665310002855325
34.0,13.977917897372263,14.064785,14.383269347913277,14.49373960389987
2.0,1.6298270539120852,1.5933285,1.788432330918651,1.8949160678465038
9.0,13.932086318771782,13.702161,16.052116242090772,14.742422461885312
4.0,9.001694882266182,10.930644,8.760594301010304,9.888902423379431
7.0,15.24643810012082,15.931999,15.441716896972967,14.316424438965319
18.0,18.579369895826147,19.188818,18.260609101945786,17.844144905121023
68.0,16.652976083807744,15.922064,15.585082717436329,16.598649542670397
18.0,16.297904891949994,19.447607,22.03689704960759,20.62725788281085
7.0,15.049757251484952,13.897435,14.516420906807225,13.493041069731376
1.0,14.423956714783456,10.392506,12.950741069743087,10.694668612710412
12.0,13.852424561784648,11.74052,10.832646349808169,10.026583836675165
21.0,20.243170682258103,21.765804,22.208303576017073,21.180169314606825
1.0,1.927670999845081,2.4996197,2.339529352077389,2.3924903046968455
9.0,15.080758956830628,16.25102,17.397912089725395,15.453804994375542
10.0,14.046207931589397,12.703493,14.46776057858296,13.125391308428794
2.0,1.6096172446148804,1.345448,1.3704106047252633,1.3801230928150185
6.0,15.013061211138353,17.51786,18.02248488201848,16.438932292991538
1.0,1.7819061750898637,1.1232662,1.2337939457817657,1.1646391445779924
1.0,2.8964972166086826,3.3147488,2.544648375605523,2.9573437428099636
1.0,1.8959478985157068,1.7277532,1.1385418228287314,1.5043424635290474
1.0,1.9387992058151267,1.4712479,0.867511003989474,1.0720123828981385
58.0,18.00313124850255,20.91152,24.62175628216607,20.81079215101257
4.0,9.154268695458013,8.584378,7.844874040584784,8.28616882669458
15.0,8.228028663917256,5.658751,5.444864438886711,4.902138457343059
1.0,2.4708624491267557,3.0368237,2.5030178516781074,2.6618001638194233
1.0,1.4563274966384743,1.3896227,1.127849019834394,1.2625854503267187
1.0,3.9158662922585314,4.2150025,3.3543725883494684,4.096543965999311
16.0,14.694196433666091,14.025124,14.145348202378852,13.99506809059971
4.0,2.872526561821273,2.5834143,2.4599889110176214,2.5683876753998023
5.0,2.6291461868225294,2.2474194,1.9269768655606523,2.384877492068203
5.0,2.8990756105815474,3.5599751,3.2559720282267524,2.9772896410722067
20.0,20.54182390927984,16.481533,14.378826001660162,15.247683562296064
2.0,1.9444688758450583,1.9771559,1.8592361107473212,1.9432974694838605
1.0,9.660485726046447,9.218501,10.24387939012713,9.87157888801146
12.0,13.930366478286583,14.075457,15.253119284671097,14.984154020645365
1.0,13.625654489351716,11.684302,11.498911686601739,10.505019377632852
3.0,4.536244205889742,3.9113297,2.5120338523054797,3.331335040050461
13.0,8.59678663137877,10.612689,9.802324780656413,8.845552918281342
3.0,5.129532407591182,5.5165644,5.031403382361871,5.2415996530474604
3.0,2.7706646559721326,2.7099285,1.8385787845992638,1.6785417259400832
22.0,13.017079116893148,17.328426,13.770044001930742,14.607024622015361
51.0,28.028588866405272,20.096216,16.80031487855647,21.162613529223236
3.0,1.7954352876806783,1.8801813,2.1291650458838167,2.0839376998808836
14.0,6.651042776875819,6.2678337,4.7897009253860166,5.709675167064102
1.0,7.014788184659665,10.299645,7.713107801056024,8.42118981208022
2.0,3.000930597884011,3.6169248,4.091672649087231,3.1775725382551423
1.0,1.6022794638056213,1.3937528,1.575350286366762,1.6054634532798269
1.0,1.2472748071734676,1.4091125,1.249910321779621,1.3019271469122016
1.0,5.549920569679441,5.9016805,5.473090475421947,5.530039992449009
18.0,13.471860356521278,12.177047,9.571642443654525,10.364132152894747
3.0,5.464653821045437,6.5268345,6.385500010316022,6.978159867676351
64.0,17.2352511596121,16.736399,17.656679676871526,17.475116239979272
2.0,2.1147448863141527,2.854366,2.950930494068278,3.2970949158556904
1.0,1.498822978191101,1.1652331,1.0756332620844518,1.1807750206412777
2.0,1.9447173942119043,2.815722,1.805467056995956,1.989681799866538
1.0,1.2355807331558362,1.3351123,1.1026603540880449,1.1361220119593023
3.0,3.355581513682595,3.7970567,4.172549528932178,4.154486970077074
4.0,2.7990568091494863,3.74618,3.803328179602767,3.6575567710198413
1.0,7.1217204119367565,3.7402854,3.5536865350393443,4.210095522034057
19.0,19.382021074747428,19.595312,19.901234655453408,20.47919430008719
1.0,2.2093390324023963,1.2267463,1.6012971854774225,1.579764439671571
2.0,1.6981419940759221,1.7290463,2.033903733999712,1.863965965733462
1.0,1.5272904644084173,1.3891385,2.3566267791455426,2.0358743809222606
2.0,2.693565107232509,2.2554803,1.9761385265532248,2.124780497619692
29.0,2.348996078617887,3.269271,2.8429601419982986,3.199758896426614
3.0,6.940298117170962,2.4853597,2.7072901399110423,2.4492027150639073
42.0,12.903797197250878,12.64916,14.647303907322582,14.271864736925865
7.0,5.423223467293886,4.4317636,3.9890385954689807,4.574995792983714
30.0,15.090478299330684,12.607718,8.523378724588186,9.464443360395991
1.0,3.554581352295319,3.987381,3.2786515312167213,3.636353892667736
23.0,13.667561210694027,18.141819,18.975334507264627,17.855964631818953
4.0,3.1562660431393956,2.7361324,2.2477913017771125,2.502216254163519
1.0,1.7723509293310489,1.6377118,1.2538338376182718,1.260071305012207
3.0,1.5877318972478043,1.977874,1.8284398884519772,1.8567575833493142
6.0,5.26559227643545,4.524962,4.514092135716819,5.045338238111431
2.0,3.0932349097614376,3.0757203,3.3419709316871433,3.5334791776255923
1.0,1.7485034297904067,1.4559841,1.5155989681309476,1.6269403245365002
62.0,14.03065528135123,22.331984,19.441296981027786,20.265752797341776
1.0,1.2856517912650713,1.0348961,1.5172880472457364,1.4356693124668194
7.0,5.023198466043168,5.070279,5.238824041658808,5.186013005424362
6.0,4.138891096772742,4.3047214,4.656103429383764,4.657880666923346
24.0,9.407529119201827,13.568437,14.348802523173104,12.291674451493632
1.0,1.7232630003266025,1.4861348,0.9871753098754088,1.2867324969198042
32.0,7.238267606713023,9.647303,13.207075152078918,12.134730423440617
1.0,4.617640631890245,2.5463338,3.300423443037359,2.948801971247164
5.0,4.251400485333685,4.091442,2.9443086678598314,3.791916805004748
1.0,2.1389850097753613,2.1611903,1.5121566785224871,2.1268918333107854
74.0,5.791921040938082,5.1634283,2.715356083924318,3.7280005173445137
1.0,3.0528821904032073,3.3422546,3.3309822432859413,3.532502802823907
4.0,3.2827699856486605,2.6864674,2.867032733560652,2.8920507750723243
28.0,3.780257521316803,3.1138015,2.71863835678622,3.12212462550118
1.0,2.6387923923444507,2.6769333,1.9985512163934316,2.509534393955442
1.0,1.9295010080653516,1.4908412,1.473777308197926,1.669572837762197
1.0,1.3844034567983163,1.2086835,1.2689350882391865,1.2602502412677068
2.0,2.3919760102712777,2.7400486,1.8896809773011936,2.3175360527465663
1.0,1.2353437799200573,1.045455,1.102428133219071,0.8856267826256106
1.0,3.622004392553528,2.0206468,1.5754038222313849,2.203352277750626
19.0,12.840285227184152,15.385448,18.79781075818319,18.90399039988986
2.0,3.518771668562654,1.6453094,2.3065203050373473,2.2641698067405907
4.0,3.1836210946760373,2.8094342,3.2321254278266434,3.1349553519985447
7.0,1.6551858072475878,1.6611419,1.805614154163317,1.6098437696527452
5.0,4.1347327705319294,4.81256,5.398478218843275,4.937020335082878
6.0,3.6409155019521338,4.1516395,3.893285110642691,4.234248724399585
3.0,3.281815370837082,3.1434364,3.491770050920276,3.4802463188302717
32.0,13.78460150912731,14.45054,14.018480250831765,11.346196190099608
2.0,2.72192192053155,2.117612,2.4183544586816708,2.4244773618836075
1.0,6.452474578341901,4.333837,5.823543627783122,4.967327049314886
76.0,18.485676838712756,21.243166,25.668225635804305,22.947622136105807
22.0,11.475330627384402,8.118565,14.01047183458162,12.044054116374708
4.0,3.035686661492453,2.8154542,3.215497821103974,2.8896383669409547
1.0,2.607418811373386,1.5331755,1.275599174566762,1.4181854650079861
10.0,14.283346976376126,13.9242115,15.702910681943923,16.96357362143991
4.0,3.576417878698048,3.7902088,4.154316240989551,3.7453645435185576
13.0,14.322319958129286,16.303066,12.575826949651816,14.559897329929193
1.0,6.1403709872587005,6.4751115,6.333680884483583,7.018824404248193
42.0,6.105658625321318,7.6461163,7.4783578159197095,8.04687753630633
4.0,3.2621337927481147,3.186666,2.7425259600681886,2.958445833665844
15.0,5.612581821336566,4.383608,4.2130389628138465,4.324614806173667
1.0,3.4685892393025606,1.7144766,2.2202892791777264,2.2745883765419617
1.0,1.2510453972984874,1.2300143,1.3544314203885506,1.342678783753775
1.0,1.7911087339381284,2.2423298,2.8431433132918156,2.591309086055734
1.0,1.1823196231630195,1.1467347,1.336240789872774,1.2602831429069759
20.0,8.425657352413083,15.5540085,15.392907363680571,14.779403697353525
3.0,2.741130123169654,2.900942,2.58042833233697,2.8212948501792194
1.0,2.900329743638824,3.0595608,2.455826416866976,2.7347153719325026
1.0,2.37044290459291,2.2966557,2.342257453814765,2.3582784636512835
1.0,1.7494530903091965,1.7223916,1.209823503248089,1.5649626016711013
25.0,14.12918360826103,21.988384,17.287911897103665,18.049691663517063
1.0,8.016627060120268,6.641141,5.041811827488655,5.511589709737302
19.0,21.268830970933877,20.38549,20.318776870443656,18.62975170216843
2.0,2.515661076530474,1.4576025,1.9079852069138368,1.6896533434459493
20.0,4.228453441442408,2.4179432,1.8906019234878615,2.6896681611790285
1.0,1.3901501946492885,1.34748,1.4059088334480805,1.3852190324556575
2.0,1.4250371251976124,0.7893895,1.3771042570155116,1.1233738573750855
1.0,2.986792649709807,2.4331079,2.32120967041584,2.531587240334582
2.0,11.03625932823989,11.156022,11.98671836758303,11.685588024501781
8.0,19.114306193698617,23.983807,23.976208387992134,21.148628475415073
6.0,7.791464458568306,6.0504327,12.63139328354763,7.7176131004661155
4.0,2.0346534758990846,2.2155082,2.103142540393406,2.385224027135928
1.0,1.9919373617060119,2.5385935,2.261566737544479,2.5434262970614974
1.0,2.014393412329095,1.5406692,1.6397304358225466,1.7887599957881681
1.0,13.235784653893688,14.868861,15.420218363701725,15.377334299776095
18.0,21.91307136409021,20.836943,19.5449301019649,19.523518426635647
1.0,4.155842630699403,5.64005,4.578040263758856,3.7600834058725257
1.0,3.2127185725670167,2.9965234,2.5171614369595123,2.775558582842807
27.0,17.367975836065042,19.421587,26.00769525810471,22.625278974863765
2.0,2.348641360930793,2.2070193,1.5156294183846049,1.8634065038778869
6.0,2.510574933513227,2.7355108,2.9908736182183384,3.177914495789536
2.0,4.466209217177235,4.4694777,4.70463938799614,4.505689845246183
44.0,18.181406349837232,17.731678,18.791066438758527,18.455127445210042
130.0,13.656047702584381,12.740255,11.728188807621548,13.771104368393862
2.0,2.532349456246307,2.3759236,2.227056921959689,2.2711130364362346
6.0,2.4336145954083332,2.5079844,2.368096697827189,2.639218856716841
2.0,1.6877152025294424,2.0407162,1.947432197938722,1.830551552480907
2.0,6.582569027052517,7.174142,8.422692587980423,7.762568205627989
42.0,6.144718939401362,13.494386,17.86191828114326,14.599832856854308
62.0,11.405560132852493,18.199354,15.880957779704676,16.551876992586777
28.0,14.684181975210945,15.974836,17.506642976877455,17.506705530123316
4.0,7.268502567646285,6.1631446,4.9651844313371205,5.236390784616552
58.0,19.828660110563682,27.0956,20.95766496975715,22.397935617614312
10.0,1.5802402262457886,2.224732,1.9934684787248655,1.9380890759037355
4.0,6.845962510544194,4.789046,6.292862649299193,6.561927588305626
4.0,3.68321171635334,2.6152663,2.233717623963838,2.517544793034598
34.0,20.654106706393247,25.69183,24.30826416952895,24.38808432276334
2.0,1.8841031306106477,3.0750995,3.7018847160607393,3.0717026502498976
2.0,2.505181183122635,2.866344,2.629000622745663,3.0133036993566362
2.0,1.808834851322743,1.7400963,1.7761751342964311,1.7609039525528125
12.0,2.0024553386241744,2.4254363,2.4185272294535727,2.292274481111184
66.0,3.408162264075383,2.9053187,2.0736968912408233,2.344772292873785
12.0,2.3534076199241434,2.8474076,2.629197661203182,2.608659777688763
2.0,8.516350438136312,11.468822,11.437328339552288,10.03597914346987
142.0,21.010814092857295,20.389982,20.050186102592328,19.608834885947733
2.0,5.261981172015732,7.376771,8.916569450046847,8.35810458907144
2.0,2.5945737224975334,3.6481109,1.9780266706858827,2.610345737760438
2.0,2.6873387358328573,2.4646378,3.444499300091115,2.9237545765308752
2.0,4.834325736430212,4.7166777,4.594302300928182,5.172597874746194
4.0,2.3999126083106828,2.3847108,1.9826962359941716,2.025046793029117
2.0,2.6627716095362817,2.610924,2.352674964435938,2.3133341401501704
10.0,2.6239234881427875,2.4452224,2.0629904947869884,2.4698872428693215
40.0,16.192460085056858,16.023556,19.773454593869214,17.66744762224729
2.0,2.474794219457598,5.3417687,4.197625233974077,4.440685077103244
8.0,3.927328539799136,4.103807,3.8480588082322518,4.217027655965752
66.0,1.7292256936547519,1.8152692,1.2710542438931256,1.4841391574466858
2.0,3.9494590807808114,3.5863967,3.875353668233789,3.538329890637792
2.0,2.043253005383722,2.7456467,1.9007162642532647,2.169688559874176
2.0,1.7019590341564057,1.4839597,1.6384090028548512,1.5728639244587246
2.0,1.637678173747199,2.0485475,2.018793082056173,1.9500729770117493
2.0,1.553460175405315,1.4019847,1.8241169858214414,1.671222337131506
4.0,1.8174513605518663,1.9009554,1.9915816886360185,1.8452008154642288
10.0,6.382539083003805,5.275128,5.289285185019468,5.591521923207318
20.0,15.541956881200846,16.713266,15.446715006169207,13.972446839042194
8.0,11.16546070553885,11.014299,8.096351048320106,8.623262864157013
12.0,13.818995448210279,12.148156,11.594972410456332,10.587183929578487
2.0,1.9765816679126509,3.353149,2.6838446207718007,2.83236905116942
8.0,2.497313962017939,2.66228,2.890118293759302,2.646619908615858
2.0,1.5744355228482405,1.0274653,1.1619394916305512,1.1182580406223543
92.0,6.26373648934829,5.3616757,5.23765618662946,5.265852816612103
8.0,3.077177179357103,4.2104583,3.3192779207558347,3.1967021797437862
48.0,6.86249248079164,7.1854353,6.477974388984921,6.936727943539205
58.0,2.7059045767712733,2.5625942,2.3535189829423584,2.5298000475399367
2.0,2.8663847924587444,4.103691,3.659406007451305,4.170077830885186
44.0,17.207584235221443,16.908388,15.160633688059942,16.225555230826252
14.0,7.6229845198079484,8.38138,8.231609688830705,8.413159554825901
2.0,2.3735884523081245,2.9780972,2.734745739699518,2.7017030099370487
90.0,2.653431241904813,3.8687286,4.2444948121403785,4.527185682300057
10.0,3.1798676574263514,2.8324757,2.8569867917933447,2.9929604607832783
62.0,4.750788103463626,7.2297173,6.862520923229091,5.764937486322264
8.0,1.9651103469197961,2.6058347,2.2571047827568873,2.2959070540093096
2.0,1.432483657900237,1.8991995,1.538081256157228,1.594661052049649
2.0,2.6253446506590934,2.6743631,3.557177677830583,3.190517697707997
2.0,2.231296323261465,1.9413228,2.103293350288418,1.926154134837962
2.0,1.2475831066933312,1.12257,1.3732052190330735,1.3018889648947982
4.0,2.332678458000379,2.4095702,2.8521053293612546,2.719820047288429
2.0,2.5781919409286003,3.2599974,2.3336758869910885,2.6916125515028333
2.0,3.2889677860607094,2.8000731,2.2079137202767565,2.284667440855222
55.0,3.8631599071904192,3.6874886,2.6916641139324753,3.2331407786037865
1.0,2.0459936910599357,1.7332814,1.7917809266430353,1.8382061812176906
1.0,1.3363772632471345,1.2430124,1.2875619704222694,1.3528911437534257
1.0,2.3731931997820084,3.033772,3.182279153856193,3.154626729234235
1.0,1.5443972104328103,1.2050118,1.056293533199828,1.1452945235504113
15.0,19.793086552386715,21.536886,30.378361725721035,26.292019703792473
1.0,8.653932194409668,8.05836,9.12759887920928,7.912720368044768
29.0,16.97374510753865,17.736492,16.55708947673668,15.450111691937042
13.0,9.949065284733106,10.007764,10.255945179062854,9.637753250886862
1.0,10.942001283299048,10.876818,13.4387824581448,12.390856891709713
16.0,11.764233876447285,18.001902,15.942600400042643,16.846088066901963
1.0,4.32679330113562,5.3451695,2.4860296442875818,3.412774082262948
9.0,19.35057160409622,22.545525,20.884822542580086,19.608997654339642
4.0,5.8497404803649715,4.86658,5.492151166801348,5.226502585200455
89.0,21.154947178415004,29.363918,29.40572802427094,26.340158304961786
14.0,11.25185128732429,12.854643,13.87523990611653,13.148843736043895
1.0,3.6219293135371933,4.210775,2.4670858829692643,2.827018167212623
1.0,2.674136561782716,1.9511011,1.6658624013746115,1.5999534570411966
1.0,1.3375220190012427,1.682564,1.8779138662060841,1.9114170942217261
23.0,7.9686249662064075,9.177226,9.715803110346938,8.098618381830311
4.0,5.523827120379865,5.028997,6.26003344842813,5.864911424726481
10.0,8.840111163931336,10.172799,8.155267366478773,9.549390999319838
2.0,1.577271297518263,1.2570221,1.1556960109655008,1.2812601142060487
1.0,1.2140527555374043,1.153897,1.2938660203541823,1.2857053349796055
20.0,15.774219202207718,17.434122,16.35652106195911,16.626057316391638
1.0,13.289167611951651,14.220978,16.395223353846642,15.563178799334043
4.0,2.876295766534728,3.5703387,4.465672876732071,4.508329111290575
24.0,14.940652689759583,16.948717,18.12362629551819,16.72648327314125
5.0,3.891100865045864,4.384341,2.624303636684518,3.6445292427178426
15.0,17.659207091469444,15.235451,14.948675691049512,14.827977269894877
14.0,8.693083010063786,8.051901,7.702969202222594,9.377787874200338
1.0,1.276341148010936,1.0676756,1.0480959465304283,1.1069968837765116
20.0,17.72111860428694,19.389307,18.533912676292513,17.234688790314088
2.0,2.5998250243594097,3.2454028,2.6800322337224993,3.031407067810995
2.0,1.3284074507010595,1.4070666,1.560676455906735,1.4760329329265445
1.0,1.178481553185152,1.0805299,1.1056322818375794,1.059803208584777
11.0,11.163691723130649,15.317329,16.671856008222747,15.504201086735318
1.0,4.5812573250905375,4.765799,4.172380091138192,4.555975526440776
6.0,4.445454263519431,4.6152277,5.447081121785611,5.112390093613657
1.0,1.4547873398299807,1.3129511,1.1716328836381367,1.3161233657771678
2.0,9.090129517635196,6.5409923,10.0253527926295,8.294651868232762
1.0,5.68712552397011,3.7123694,4.336757517850539,4.388680498909848
46.0,14.796388373185419,20.292707,17.837868099343044,17.304183306234762
1.0,3.1943968730963075,3.8804975,2.8891135292921306,3.645794816905175
1.0,2.1941696269974327,2.1256063,1.7504765610550255,1.7272947493102007
1.0,1.3799715656925997,1.5332704,1.4279478110304669,1.470282747253504
30.0,12.803558555876013,17.515993,17.49282143071372,17.177154966178886
4.0,2.7662021319010477,4.1750765,4.121056795025593,4.6720554675808215
25.0,18.252444476054425,20.808914,20.476312192320954,20.70546574839005
2.0,2.9244009741263866,2.3645377,2.445780254580726,2.2532513594246355
29.0,7.463921231952536,6.4184413,6.909283768967786,6.26763034443916
5.0,2.251824477113148,2.5820062,2.4728433478468643,2.6087848585514815
12.0,14.532823729970053,14.822604,16.413353764261164,15.709053731799848
5.0,2.9742274445965777,3.5897732,2.206086165466367,2.7811908340131293
10.0,10.303850529881045,10.813546,8.87070597862909,8.595935027703955
1.0,2.3306481124587397,1.8519449,1.2356007739972439,1.531164990581976
5.0,2.532183640800262,3.2530794,2.4104604457320167,2.801315681380936
48.0,18.73820750586831,17.953295,19.739252125289717,18.622386205100433
2.0,8.009242244233736,7.085599,7.938766559770945,7.4159178316935055
1.0,1.8218318713706956,1.4964507,1.6744566578033817,1.836597376621763
3.0,2.407152076325736,2.6157305,2.5130062317821995,2.5559652924194536
3.0,2.266174140342777,2.4453135,2.0921162222494183,2.1622364560435394
3.0,2.5510534658196,2.6712973,2.774326597635709,2.7073361529010045
3.0,2.3485008553291458,2.6387737,2.454261798645437,2.5544227985646937
54.0,10.426442602867615,11.127152,13.661053235016581,11.380411818509009
3.0,2.626370951157985,2.8874667,2.769244796872938,2.9811101317704183
3.0,2.3236542224527135,2.2120852,2.1827271952205645,2.3264034753145704
3.0,2.857983178021195,2.6906652,2.469358163977978,2.5053837544818283
3.0,2.1546997889704658,2.7182932,2.6038136943415435,2.8006382654893542
1.0,7.9501245511063825,9.678043,13.724497348764563,12.318446250045346
16.0,13.563969562044795,12.868358,21.10332338271828,18.636742405005727
3.0,2.240388883028691,1.7853224,1.5828141699559644,1.6914383036111382
2.0,2.1141714038467696,2.51507,2.4435988624030256,2.5681724004507958
1.0,1.5699596476744389,0.88891125,1.1874075586916777,1.0676894494524127
44.0,11.330247681378331,9.728795,11.124944659379706,10.541892036448973
5.0,8.916197586494599,8.003239,9.49333474110244,9.71481482806351
46.0,15.176678813543155,17.504887,19.634584572802076,17.433556777483236
11.0,14.500363268998939,12.412196,13.000637711320934,12.447173905411232
32.0,19.321008853108093,19.620872,17.75491079303984,17.29623908469377
4.0,3.8610307099538383,3.848092,3.9599659352988423,3.6484619255190545
4.0,6.118363708135709,5.7129264,10.571237533069732,7.8182967579567
34.0,8.985845528059986,11.658868,9.13833230638371,9.669902836592449
27.0,10.428368075458694,7.911186,12.388892422141431,10.519358496962349
1.0,3.3831235878204016,2.1716056,2.3237822814223876,2.0222937149774594
13.0,15.459181104758922,15.30747,13.724284108115155,13.488782951202653
2.0,1.8868766818546034,2.4074914,1.9350460197408434,2.0556658755663513
1.0,1.3904125968869683,1.502244,1.3929705916343713,1.499202420206318
1.0,1.258094119199491,1.1470087,1.273093327611969,1.2630154654897274
24.0,14.434602483804456,15.527605,13.999602666490292,14.509428505197173
4.0,2.172952501136116,2.3515177,1.7940784466204738,1.8268895242933514
38.0,13.131041160543493,10.582751,12.6546172173157,11.365022160772934
4.0,2.0706773854081617,2.2344134,1.6773500122469263,1.7379170045675383
1.0,1.3785852574041138,1.3791223,0.9993893401032765,1.1050136121121503
6.0,11.57405905446066,9.292372,10.84426312572188,10.479307563196551
5.0,16.914021963561417,14.800604,15.562775346899276,13.994237818960949
4.0,5.418906479573769,5.2159295,6.273602462285796,5.337341032939159
12.0,11.234203232308284,14.192854,11.968482346168663,12.676298097580778
6.0,3.3152540941863986,3.2049146,2.8748644576622824,2.826457628032096
15.0,15.757196214049522,17.982933,17.43884060973195,18.309184295445426
28.0,2.08155840315147,2.4441016,2.3359016841095417,2.558470946378779
1.0,1.3984802046280937,1.242868,1.561854608533904,1.3970581703259368
2.0,1.032101224812811,1.1459017,1.1989425980599586,1.2495735132826238
32.0,14.380981056063057,16.00463,14.916042783253298,15.38125170249981
1.0,3.525018923886673,2.7120068,4.263560777821443,3.408541699331315
2.0,2.4856466957764227,2.244612,3.531470446905538,2.8881702643361336
2.0,2.4014147156974226,1.5564432,1.3810684077891677,1.2872795147226417
11.0,11.575886817295236,12.195819,14.153669581115503,12.928032507535626
1.0,3.134190134485044,3.4916468,3.4188978381684674,3.3021880992040984
2.0,1.4830111319362587,1.6751258,1.9412086309698582,1.9281099733687737
91.0,11.837059172892415,12.339019,7.847273375703828,9.32965842820299
1.0,1.3530699547377925,1.3929479,1.515840491345425,1.4800052200796658
1.0,1.0544082392011376,1.1580923,1.2620692360774002,1.1768904521294106
14.0,15.936152017347887,15.1270275,16.514488576121604,16.310298216376673
4.0,4.087219327448804,4.6078076,5.961709064255708,5.600129556256125
57.0,10.975823426329656,10.022113,10.115594533808762,10.00419438471717
1.0,6.645633344406926,4.0629644,4.912647920478355,4.173080510762393
19.0,10.864100276450802,9.868828,10.856611334353982,9.982749731863795
23.0,11.199753436909633,12.075072,11.383462727514557,10.987880199199275
3.0,14.348430139294068,12.781354,14.220700684074156,12.889097283959389
5.0,3.997394223525193,3.62565,3.8062318106112514,3.7223003218945125
5.0,2.518138169801258,2.1579459,2.3170907178965945,2.513863442148028
1.0,1.1241994441426533,0.97220707,0.9600812886280754,0.9976592878383475
1.0,1.3884292620857615,1.6211288,2.1576642043882055,2.0413403800006584
56.0,17.05330352876094,15.472601,14.091512327865864,13.880811723797676
1.0,1.5174141190938775,1.0890999,1.10825737655356,1.1410758393956124
3.0,2.3086460281434524,2.50343,2.483396085216728,2.5546821000021027
6.0,3.1054179966484243,3.7142286,2.9428174655813657,3.311431383716669
41.0,14.403929758468843,21.052784,22.609378530127877,21.091721926255858
2.0,3.068840670580691,1.9565978,2.630115787256292,2.5193161844608856
1.0,2.0669255631060555,2.6178024,4.298317418853505,3.2957343172353823
4.0,3.297315476591306,2.8897538,3.097941492673419,3.014620179462443
4.0,2.4470774778757183,2.8600397,2.5738895271897375,2.7577784638221434
19.0,13.170497623304717,19.913368,25.474899517580937,18.6559876793747
1.0,3.587483586892688,4.17587,3.7468853094469674,4.198480194804734
41.0,10.446485665959901,10.84231,11.042233175609597,10.791658866658729
20.0,12.840524540631689,15.447355,18.901675790305163,17.665157220851352
1.0,1.3816520646300114,1.703696,1.8950922841484998,1.8162978652189463
89.0,5.482207907119549,5.187383,4.1856984461930224,4.596690169369817
37.0,11.107438880438828,11.226113,13.922626533810236,12.830588391137846
2.0,3.5659257350768154,3.3937745,2.961395793055064,3.162041047546121
1.0,4.959695795162517,4.543501,6.008770918595527,6.073244730163252
19.0,10.12103981325051,9.469012,8.434469846334999,8.69478177612209
2.0,2.7219844098655788,1.8188565,1.4666049013729419,1.5745046961116356
2.0,10.23205622870747,7.4289513,5.511729583187991,6.14305710347234
92.0,15.792903759861538,13.449097,14.035062800493824,13.447417300690121
10.0,12.072391036034196,13.792703,10.531205554830047,9.301082762921522
2.0,2.0629516175689635,2.4331658,2.6866094612368343,2.906873015175026
12.0,9.571203297809504,10.062166,9.767073204248002,9.706337628289575
6.0,4.914842131017446,4.392039,3.719149130690722,4.260268436858743
3.0,1.746783111393487,1.8061914,1.4181835394415927,1.5692005413091796
30.0,17.978308523012185,19.053478,20.794401050731846,20.033574756165784
1.0,1.9178615923149005,1.5009766,1.8228266659860792,1.7351080825893277
1.0,1.2115731285482267,1.0657685,1.0443787325753893,1.0382116112752606
1.0,1.9291903833692379,2.4648466,2.947236393647244,2.8213749847750638
1.0,1.1594896186725427,1.1051147,1.1400602961803021,1.0832681853596187
77.0,5.731489963637679,5.41044,6.928336209193482,5.68795925202084
45.0,13.880566314405204,17.415747,16.3884635308982,16.402533391649577
1.0,4.8240708474877625,3.3173532,3.399414046709679,3.691356155888988
41.0,8.072461923162827,9.557486,8.884112822336332,9.515353203105663
1.0,1.8797831841417683,1.847255,1.4526397312308283,1.5267512199179105
27.0,2.297557963077573,1.6216743,1.3848132483339124,1.638388702229364
2.0,1.3140328508733932,1.2480013,1.535979180042783,1.3764796030971467
1.0,2.110209259117039,2.261143,2.0555250899789614,2.1212872586324654
17.0,6.698491386464213,6.373728,13.25616361935559,8.493346600315732
1.0,3.009411267863359,2.0517025,1.3619292494656405,1.5796509677902901
1.0,4.735244049230983,5.061108,8.289702568741179,6.345424817087399
17.0,14.785717277273807,16.720049,15.699054625886962,16.06227101756173
1.0,2.4684796436884344,2.1531234,2.2875439346617514,2.2753448239934397
1.0,1.4596037400870987,1.3382454,1.2532658443407088,1.3039363240545132
67.0,16.71570308910005,18.782473,21.17526336876434,17.69499323512114
1.0,1.3652511976999944,1.4313407,1.7442170501124115,1.6607669414835948
1.0,6.0925484206046585,5.4815235,8.002475255885571,6.444403013686498
21.0,12.79467238825129,20.492964,20.25207580026788,17.916543026474063
30.0,9.124856589240737,10.978902,13.761326255991888,12.286704247601671
4.0,2.6043979403030963,2.7047815,2.7742707257067414,2.6578268014807307
21.0,14.214784616695466,24.913723,19.70728387602808,23.758490314533717
30.0,2.133330261359937,2.4460282,2.3858488089301506,2.4755489687839307
1.0,2.077712108840047,2.1743336,3.0727270352124085,2.986435128132882
1.0,2.0151859472576743,1.6570904,1.8763771518003174,1.7929619197031759
1.0,1.6231265915243203,1.346317,1.396192663882573,1.2252066347232118
1.0,2.0961406822690924,1.8807921,1.9262921638423656,1.9436451232741812
1.0,1.732784978020697,1.3220088,1.5405590701858705,1.5400228414337485
1.0,1.9502924765902918,1.7642593,1.8111926883613716,1.8081237190999202
1.0,1.371553262686759,1.1544638,1.028625449176844,1.2047508327945677
3.0,1.4394889641324267,1.2324786,0.9073030536261704,1.3261496206306713
57.0,16.455358245852555,18.720825,15.762259220285596,16.448178188811386
6.0,3.904141727860095,4.169735,3.73213227108232,3.793228465431879
4.0,3.1325201953788486,3.6685653,3.670331463167404,3.7864921896587695
4.0,2.5608046384103784,2.2259245,2.4222110135860504,2.377726751189731
1.0,1.240780146346137,1.0088005,0.9839486830926532,0.9575748030898401
42.0,6.410045584575514,5.531626,5.142028376933023,4.881241690139705
1.0,4.087495166424215,5.9498086,5.506568804599018,5.8404043108292045
1.0,3.074677164289013,2.0448139,1.269960449399008,1.7058805392211998
1.0,2.5944604569064555,2.87148,2.7860398625219793,2.838039055581579
1.0,1.6399514316704815,1.5299301,1.7280535691340373,1.6013365414562615
1.0,1.8307662483336165,1.9437988,1.891261860936655,1.9490666929185303
2.0,1.641130688725731,1.6520934,1.3952771054730526,1.4412948193813833
5.0,5.50784239905364,5.7750587,4.8859113648791705,4.9512427221120685
1.0,1.3620664272046556,1.2802017,1.3404734568941965,1.251768639169307
3.0,3.290506930416714,2.7530954,2.6402986424775348,2.680526100218864
4.0,2.934533094645139,3.040513,2.5364532909891797,2.7394343255885163
30.0,12.458765443568137,7.966302,7.972608651847635,7.710657071960831
2.0,2.863930281032597,3.5955887,3.5176613412042377,3.932143881119014
1.0,1.2877205894755321,1.162806,1.3080625467447438,1.2207799202501741
5.0,2.8020836525203214,3.0031638,3.1155177800318734,2.913927422776829
4.0,1.5901835142143739,1.7330303,1.7230933311441041,1.737336383645244
5.0,3.1107993785117314,2.7917569,2.7997466799767348,2.8315772604928737
4.0,2.1325227040541996,1.9810996,1.6162393574797664,1.6975317531891423
2.0,2.456399396430042,2.2218447,1.6597539673521413,1.8535847836426758
1.0,3.109665416820892,2.8684402,2.3547300755760974,2.4296526420215496
19.0,9.481122164586674,7.102956,6.604177387939072,6.6159710598794454
8.0,4.904593613971441,4.58376,4.225314863707614,5.342552078986666
4.0,2.1448724961696533,2.9828503,2.546050268254516,2.849725565651735
1.0,1.2598117481808533,0.91766775,0.9503989655858467,0.9390779231255655
1.0,3.888526910652227,4.6511164,3.7039750214046423,4.159986328182102
4.0,3.114954074674193,2.9267793,3.2289115793718386,3.057072555807503
6.0,2.3875348749604717,3.1419501,2.90599592224669,3.390432745464815
1.0,2.885003018441178,2.68248,3.233255302054463,2.952238576055274
17.0,6.8289666541975915,10.281701,9.388694420197293,9.450295121303323
1.0,1.3071371695182532,1.1544154,1.1236868722452615,1.014465327269407
1.0,6.42060569716235,5.8716774,9.176593766735106,6.572090271146283
61.0,13.349277879957974,15.841356,17.7698508946035,15.775454626116652
2.0,2.2100557376200745,1.3406596,1.4132460954799195,1.2440642133500668
2.0,2.0433050121803253,1.8791752,2.043785006697511,2.0667228266051496
1.0,1.5733605150342327,1.7710886,1.3716054087522616,1.5353197615472043
2.0,2.1847508674933582,2.7932413,2.432985207609936,2.558468134346363
1.0,2.2962629414215123,1.8461409,1.642814405584471,1.6251467019458379
1.0,1.1326674297683548,1.3952079,1.46613670813027,1.4222950249176813
3.0,3.344508022678723,2.438308,2.5415594187288892,2.4850669185587315
2.0,1.3938040557717648,1.0732644,1.1051748459391315,1.1256627216748427
43.0,14.572746778150512,14.128212,16.94952502149977,15.610447937632774
1.0,1.4660895566595515,1.1960778,1.1886880167378941,1.16135060797559
42.0,13.18992745484405,12.821031,13.423795709967147,13.794849340946746
12.0,12.676803857868647,12.4736595,11.385026902982805,11.951125565873015
40.0,14.451466736832197,14.275576,14.052419025475189,13.979015387553819
14.0,15.018142775022405,15.370977,16.08647926211091,15.334701270088619
1.0,4.0272757730725965,2.1231754,1.7281728102531608,1.8154328886378086
81.0,18.30659451232846,18.123114,17.28396989045514,17.324729824274602
12.0,13.78570566030568,10.523909,11.340242461882259,10.427513078835647
4.0,5.8502591084320885,6.011519,5.480297015904397,5.146652304436366
12.0,8.296630194829184,8.005061,9.193662225394819,8.006738027243868
31.0,7.182859561378569,5.948344,7.925206064287705,7.300385196856272
6.0,8.06546524878508,7.477682,9.514381107180863,8.397272045326305
1.0,2.4205530142178193,2.3548586,2.607157642082232,2.5471539536494316
3.0,1.4320538130562643,1.7579646,1.5650988523750557,1.6871732731928604
2.0,4.131702096500036,5.294018,5.267999263366376,5.1916835492380455
1.0,1.200140369259867,1.3189802,1.2218059035117736,1.3504950076836972
1.0,1.7307755921781345,1.6239626,1.4217745157079311,1.5274117784184447
1.0,1.3427583874594111,1.5077207,1.3116964874015227,1.406179582665513
1.0,1.3167169909295158,1.5095668,1.90553137589492,1.706608568410937
19.0,11.523088272929606,14.498085,18.634661079670174,15.120594957135928
1.0,19.187502541494055,13.822004,12.896943801482784,13.733085052879469
26.0,9.61405752791625,7.2479,8.053400115575029,7.636657042920907
28.0,2.3862066789877447,4.231886,4.6015055337549144,4.58748493980765
3.0,2.2365330088975988,2.8864186,2.6401171201815745,2.8146931486078257
28.0,11.91352926644881,13.810877,13.090500318369386,12.900000778621488
1.0,2.2397533106418863,1.4444711,1.344050686210866,1.7322557758385968
17.0,4.707731933083309,4.9868917,4.852452187633464,5.559533660056053
2.0,5.013162301752953,4.33308,5.7567748538821215,4.861497303234199
1.0,1.5451582100819694,1.8014724,1.4505999848515607,1.6389752905431196
1.0,8.874804960835315,9.060171,17.36834049562293,11.565221019426142
29.0,5.185654926863842,9.894928,12.037219636763568,12.567909183959577
5.0,2.7395961429716174,3.3162227,2.9913409106438245,3.1053838790480466
20.0,4.161417119027583,2.8878207,2.8123250341071984,2.8925933591802275
3.0,1.8042230932164864,1.6171412,1.9335318417904568,2.0390324235168995
2.0,1.8506757329950108,1.6373687,1.2628172208450419,1.5159553996921753
1.0,1.3692044290016443,1.2945065,1.347665689045726,1.2325803459507911
2.0,2.168760465291115,2.551084,2.296792391409968,2.6161593262637153
1.0,1.2664530754560124,1.5953283,0.8886136837284773,1.1114641261382445
32.0,8.72587198794395,11.378486,16.504246294463023,14.21340865011001
2.0,2.474469536544794,1.8038266,1.8469912996097602,1.8674903054559926
36.0,2.5663286320324254,3.2878385,2.420510952083361,2.8117666428918233
4.0,2.6699042177061507,3.34694,2.5943764379948764,2.814676051150777
2.0,2.8254321571043874,3.4654002,3.110215396164473,3.1534879167487313
5.0,10.488491962957076,11.2334,9.501410250607446,9.538700091062863
51.0,4.300876989316491,5.541959,3.3860006288724014,4.492860786602346
1.0,1.938705365625704,1.9039295,1.407340559277054,1.4993376763066628
1.0,2.477975325212121,2.230355,2.2881195644943393,2.242019334530358
1.0,5.090267091839817,5.5860143,3.9710809324166627,4.36884617032566
3.0,1.9120473380224166,2.171428,2.6009945733552153,2.291964517950664
6.0,3.6485382601784293,3.1409264,3.0373602119582,2.7251421497017283
13.0,12.518342753856741,14.306834,9.756159488228127,11.321656881982504
1.0,3.7453950362736625,5.4048357,4.302067458865949,5.0436707890931585
1.0,4.246442653207562,6.7259054,7.868002108965571,7.20406514976756
2.0,2.2735146188231057,2.1729512,1.974567220945302,2.0692645625679087
1.0,1.417655245011587,1.014869,1.5943720938279111,1.2364064893080773
2.0,4.789958463978701,2.1568375,1.9968703554342362,2.0424521094436656
44.0,4.650952099635107,4.7479014,6.111919006782567,5.972151426582128
1.0,3.2864636176160857,1.3978405,1.2123921848484298,1.609594654747772
7.0,3.133714296406751,4.0642495,3.820077689059337,3.884544150726226
5.0,2.607268856640457,4.243517,3.301895154868837,3.3532520661145764
1.0,1.6398395213250052,1.2550352,1.3332364962469399,1.3811168363569015
1.0,3.8445428875861367,4.238087,5.036047456162308,4.964201722974559
5.0,5.911404139671831,4.6077814,4.673628229044366,4.728603783554257
1.0,3.7871381129517445,3.731668,2.754871432847091,3.269474336036466
6.0,4.429625450627155,4.2261453,3.9488058841675526,3.958198621332186
20.0,3.8508606927017146,5.5536947,6.354345175001461,5.733894195635181
1.0,3.8629493875396577,2.8605373,3.8431024221919143,3.4041465560543864
1.0,2.091013155907981,2.6277993,2.8272371448860683,2.7823417550190603
20.0,5.417149341534082,4.1087785,4.470761126451434,4.030906349349786
5.0,4.046610070417157,2.7139597,3.7311987726682974,3.492454940203192
2.0,7.611394247502698,4.554299,3.45170066884869,3.5000537394538025
1.0,2.4861278094611574,2.4414644,2.5281013523749176,2.638637607075072
1.0,1.5676513161774768,1.6362007,1.5361039589841958,1.6057769805516808
1.0,2.769369836530477,2.6400027,2.7470450215971742,2.6340769159042554
4.0,1.9332938894873881,1.9636884,1.822140563254572,1.8005946467687544
22.0,19.430016657757463,22.701567,19.137427672400158,19.651332764989217
6.0,3.4099027589799134,3.8083615,3.565742145142454,3.619814574424831
90.0,13.567315968356988,18.10318,15.98158027034906,14.698779359784957
2.0,1.3240840988699425,1.5653379,1.6242948682063014,1.6375126121444792
44.0,5.508982756746253,3.654272,2.5360390057684765,2.443346038468742
1.0,3.028248627539859,2.1591516,2.852182115986368,2.7846589811253493
23.0,9.2104918828296,12.3795395,13.280266685315237,12.124367745723351
33.0,12.533296400997793,12.289096,12.192917306754895,10.69311788097674
4.0,10.89107430117043,5.8815904,5.629034886865728,5.704721256062056
2.0,1.6546981516742365,1.4786208,1.4470132609954964,1.3982346165540513
2.0,1.9867681024803976,1.8679209,1.7069497276142513,1.6870172490561663
6.0,5.943883636716458,10.3219385,10.286026682096097,9.434857047763066
12.0,13.642934539791995,12.693358,16.198583163737954,16.077344867447977
1.0,11.99727449267292,12.5292225,9.938256541045158,10.98837111872819
20.0,13.732356222858938,11.972094,13.369976156564212,12.943127965998702
3.0,8.93655470320018,6.952801,8.647374436287109,7.794526466874643
26.0,8.36933230964144,10.222571,8.944271808475232,9.226911153793157
2.0,1.4928399999951218,1.4428034,1.4690066659733874,1.5535538408742036
31.0,15.693327085645407,15.729422,14.216890565920197,14.659536549743581
2.0,2.495623745869706,2.8248448,2.3129759699066597,2.577225137424633
3.0,2.3993253279656908,3.2828503,2.7267009689166213,2.937004706442821
5.0,9.709293997249416,10.452872,10.2540046037361,9.933837895408908
9.0,14.08701623953321,19.161448,18.807274112440787,18.612423927949365
1.0,1.3685731422076097,1.2736955,1.2781599635936711,1.373729581835196
11.0,15.397023635886494,15.686249,12.160923536317066,13.06673369807711
1.0,2.736291707209507,1.8783882,2.5039611698090662,1.8833954396743495
15.0,16.47514722297676,19.039675,19.932717757639026,19.32554480492026
1.0,1.2777690971863853,1.4370837,1.1267582829210272,1.224066639537833
42.0,6.939771548707824,6.6130204,6.860122058785102,6.9318231364208245
1.0,3.8075579884211432,3.2222037,2.564111548807402,2.698935729328639
1.0,2.10423914667835,2.078977,1.7997579950660212,1.9267789473436108
32.0,9.864023758853044,11.333044,15.956625381164379,12.049165420519207
10.0,16.05737516793411,14.605039,12.75999835468495,13.22932727759584
1.0,1.7095500803417938,1.3640556,1.2863300616727797,1.4809496433303626
16.0,14.964907629978882,16.529179,16.931027736804882,17.0597211553115
31.0,13.42665064337234,20.666391,19.274785159461885,18.638379715381024
31.0,5.522819212811342,5.086502,5.0285193368771735,4.9968017719425415
5.0,6.791946440052694,6.5016904,9.80035294497525,9.014323759551345
22.0,10.434560718029445,13.226569,12.144282139916246,12.17066128764049
1.0,5.696485149352741,5.6902275,6.149830847263819,5.774129164156727
9.0,19.91020632351999,20.19306,18.95354604565755,18.414122099649877
2.0,2.9986318584581233,2.4432847,2.3596276328693206,2.6070718748183666
2.0,2.379763783453106,3.0541658,2.6774766370585117,2.7054566918197414
1.0,1.6580467285593108,1.3028667,1.0215174016522064,1.1072512797917415
19.0,14.892699801370926,17.016935,15.419891125672379,15.039320922338298
1.0,1.279733943424874,1.4115727,1.2226138811193197,1.2538496777946135
5.0,7.816289917837693,5.7078547,4.9643249301435795,4.878860118505862
12.0,10.236087365916292,11.140917,9.08668544577432,10.06682325536446
1.0,1.7933452742787432,1.67188,1.6461978526744816,1.703855908983377
1.0,2.241862857728334,1.9674716,1.4826095710189895,1.5833687656621174
31.0,14.773866906453428,11.816453,12.791463173335991,12.047790999587548
9.0,15.018490941492857,11.73589,9.64230651572564,10.493721078828285
1.0,8.442641666976032,6.607508,6.603363039635563,7.45274762078283
15.0,13.468384010327153,11.64643,14.06838288166527,13.382770051710917
5.0,9.683859691545182,9.133548,11.559817939277108,9.52513474371728
9.0,12.720475665481764,14.1209345,13.374765048541706,13.780349604247363
9.0,13.853782265554221,10.74806,12.209916946837572,11.545061371462896
4.0,13.49914018853903,9.937574,10.614653955918573,10.394793522606857
28.0,8.422286900400746,10.852321,10.378405021205785,10.306469453208653
5.0,9.70080731641179,6.7794194,6.330433096063289,6.945912394971396
1.0,12.08586810569966,9.265388,12.029501342880609,11.09917402254782
8.0,16.292335799618815,16.029251,13.920723173810691,15.209150049549109
13.0,12.241306848994945,9.284971,7.4562197552913165,7.981086496306169
28.0,15.804787580600799,16.467625,12.621424303512317,14.275415848702165
33.0,14.49559889668574,15.632593,17.017903388833115,16.366484183169153
1.0,2.4336456833855578,2.5800261,2.1769882827732983,2.439385864099603
4.0,5.338662222606021,6.0242977,5.855996176967313,6.268597426653807
21.0,17.99680539960086,18.128904,17.337783970723407,16.740850699053418
36.0,11.049035766661017,10.713019,11.715246931714173,11.362537576579705
8.0,12.855344248188693,11.690392,12.386694922799736,12.453184251049418
1.0,5.67346815069437,4.8201857,4.60117987240574,4.237176866394604
26.0,15.049985248000528,14.106885,12.282516925855347,12.379305041723368
17.0,14.193793286275103,16.256027,16.294088629344767,15.77083391498077
19.0,14.137877414980332,11.841988,10.873255547088997,10.609086984401932
1.0,11.373684081932389,5.966415,6.460363884920317,6.200798677540032
7.0,13.1848515843267,12.108486,13.930406457943885,13.120642214320329
29.0,14.673324340795755,13.404186,11.174753407646538,12.009441202914685
3.0,5.826966410935763,3.907865,2.9615901440513652,3.2499576656126026
2.0,1.8320836531540006,2.4598365,2.0574871282013447,2.1815782000269857
21.0,13.052335095319716,13.939982,18.879555935130465,17.173867588871843
74.0,7.2546510045807295,7.5306787,7.870507583099151,6.730710297020193
7.0,7.441280522318188,8.477453,7.509585219510132,7.837228237358316
1.0,2.538240572930708,3.1398025,2.8031156801197654,2.859213113817808
24.0,27.198759702831126,40.740814,49.51341867471933,42.949279909279035
5.0,7.25842064306161,5.260436,2.3408327441015016,3.197196330661611
21.0,3.44987182529077,5.6740947,7.424625637846301,6.513407123017265
1.0,3.4581806172340164,3.7354035,3.1603022964155523,3.5360219608908228
3.0,3.3054508652218875,3.373744,3.247334787118649,3.281684002312553
94.0,4.021609169736758,4.1623173,4.888059765643961,4.7876866051324765
5.0,3.811043878003903,2.4619856,2.0540525781097014,2.2827167753513034
1.0,5.933196373496568,3.0129037,2.853944813936878,3.1041446924860097
20.0,8.563617608080984,9.558442,10.427971348536222,8.86384702138977
1.0,2.4091284211123005,1.847975,1.0911698665031233,1.3746211853274226
20.0,13.857260193190774,20.854412,16.720030170066966,18.078827458438116
5.0,4.251613841271143,4.537729,4.627318533507465,4.384871266023551
36.0,11.566116883936623,16.114204,14.31298883607488,14.292407801280245
3.0,5.864781983452198,5.059948,8.214170227183414,6.283790912215644
4.0,5.241124301403671,3.0189018,1.381693566958964,1.7849500306568076
23.0,6.813777951435335,13.154165,17.72586514604921,16.3684113763622
1.0,2.662641834998138,2.908924,2.748593035935407,2.8048097823349147
1.0,1.2506757566765523,1.2615037,1.1152466611147136,1.252945089088684
5.0,4.122111375515676,6.626146,7.493333865642102,7.656179976769748
4.0,3.4997758320292327,4.032609,4.053752032136932,4.2061517917469455
1.0,2.633891707377282,3.3493829,2.355898671495888,2.8978101606906397
5.0,5.962828759055734,5.0095534,4.882332503561336,4.748409751178392
1.0,1.4106834474754377,2.1799634,1.583159449305274,1.9689415192584878
6.0,3.2785454869382953,3.3232813,3.320095367959624,3.35960096855478
5.0,5.302304693716238,8.155476,8.357121750538797,8.647884029513717
5.0,3.0365862003753854,3.3082008,3.6620001094747554,3.6638682789767225
1.0,5.314373383803172,8.337244,6.832647000981977,7.4911932258744045
65.0,3.924303098292124,4.3333764,4.454829553449065,4.256375322293556
22.0,6.851100679911416,6.576314,5.903735715972313,6.567486058311754
8.0,3.2428856568645577,2.2026422,2.757854719017957,3.090567877312961
31.0,3.2428808622755687,4.0164866,4.6441775617164955,4.421214726160592
25.0,12.94607119221211,13.2852545,11.855192481951292,11.540086547888201
1.0,5.261239785685006,5.960998,5.764046603955214,6.376887639559069
1.0,1.77583181388203,1.4283378,1.446530695000174,1.461040720320768
4.0,7.143172755518027,5.80968,4.920026079334101,5.174111417129961
12.0,11.618639590417681,11.462352,9.874868442786063,9.397596551778069
1.0,2.0172311337642914,1.6019733,1.5233446722470183,1.6036656838475807
20.0,8.193798027928503,7.9073753,11.850635385088932,9.376105187212662
1.0,7.247713115617099,6.6719475,5.563444228770776,6.6340444383234285
3.0,2.6067365662900444,2.6921659,2.3813668541915436,2.6920065604705092
7.0,5.7220870852530314,5.3545923,5.344302339873574,6.124464256387773
12.0,20.910956926030984,21.273521,18.06685916546837,18.335717377373864
3.0,2.645750286461011,3.0028138,2.353484204583624,2.5537203764358676
45.0,16.23694648162292,15.321501,13.107075531786368,13.953848004141049
13.0,12.710262780704793,13.314097,13.632023642969207,14.223504673530458
2.0,2.605147686038943,2.8855157,2.5216862746465196,2.9326245670887565
19.0,19.48374291188836,21.735174,22.07768813117777,20.37693748812666
14.0,6.532967226378516,5.49626,6.2277594319266525,5.852167010185841
1.0,2.980846110828482,2.1686385,2.7968523426069267,2.5221632997311705
1.0,1.292875785323548,1.1969445,1.1140115870117424,1.1974667436535515
3.0,2.342715973469759,2.1606746,2.060182467125638,1.8998523876147817
1.0,6.241536301886036,9.785439,6.45807652910842,7.297297620893195
12.0,12.568127307362023,12.893537,11.44372211903458,11.498455666215742
24.0,8.424323703067628,10.198633,12.280067856757713,10.355166915418971
4.0,7.389661587211936,7.1435614,7.408335630110484,7.737877120590545
57.0,18.01566404651608,20.612364,21.433573685746076,21.530402665080814
28.0,9.861459884287969,6.578941,8.619776602973673,7.940369459535891
67.0,12.83252346097164,12.3523,17.71243415791052,14.53263624673748
1.0,1.703022244539464,1.5390222,1.2437064717021875,1.2951422554780398
21.0,5.024051895236982,6.17889,9.31346330043105,9.10117197438713
1.0,2.269004298792855,2.1159549,2.1390092041998328,2.3428392823478257
18.0,9.022246444100993,8.730467,9.621955830985584,9.691146398094482
42.0,16.903775639254615,13.205034,14.9890486512712,13.194320812226525
10.0,11.948400389674912,17.049147,21.420873069685097,19.981184698698314
4.0,4.72447594227878,3.3472176,3.066138799008586,3.242189252391058
33.0,12.18304291080329,15.131243,12.870876797056408,13.558367391499416
43.0,12.233062496610506,12.3511,11.874748409379238,11.945842216581253
17.0,8.492773166045192,11.234161,12.574034004853525,12.248029833693321
1.0,3.845831037908222,4.7982802,5.848577957729333,5.249110142747653
11.0,12.898626071085896,11.053656,12.095415360696972,12.122690198808828
45.0,15.358580095618443,10.652646,9.023728299343116,9.074887923837041
4.0,7.708583447184312,8.971012,9.49468583649801,7.578496119956359
10.0,16.27696723059659,17.3383,17.032672719908213,15.158194268842077
13.0,13.672540429962934,13.517325,14.79322865170555,13.036322681071429
11.0,12.269354731489443,8.548002,7.391969117500631,7.566038636543599
4.0,13.69718540349843,11.746945,11.080435037118242,11.045134919813565
1.0,14.167817878138138,13.459077,11.335481972117341,11.394710045767392
9.0,13.681859599375185,9.79373,10.16571701755606,9.322569310859997
1.0,5.597911051268138,5.0035753,5.018355897885899,4.704111447388199
1.0,1.8795025460532613,1.3351276,1.2149359723976834,1.2364634087031483
40.0,3.5915211672950544,2.8154793,2.3322640256289953,2.742810865959922
1.0,8.181649411282685,5.451569,4.482357991724757,4.509699293975894
20.0,15.122199270676518,12.486412,16.34695960031314,14.775507370957902
12.0,10.80360284560958,10.312077,11.096519792784207,11.69796831059936
4.0,5.8268436010804905,6.535491,5.708640309148459,6.28752955242209
19.0,15.967677229044856,16.797142,16.845077890323363,17.460049727475155
1.0,1.2317103213096132,1.1508887,1.2852526764162517,1.2085884701378635
14.0,15.027837200273101,14.129135,13.44048355770123,14.900539458328485
32.0,14.853805249164798,18.490358,17.19079012825843,17.20226399829435
2.0,2.3134053506864447,1.8699982,1.9583125234084306,1.9405407747644872
1.0,1.212752978634255,1.2199771,1.2114280091630807,1.1429132616913678
9.0,17.483378821972906,14.973632,17.434503739605432,17.558766150615877
4.0,5.508568608571302,5.2170463,4.651394416832187,4.765730985716968
18.0,15.691837356131003,19.68101,18.10270679936399,18.20033762819215
1.0,1.2297285527600663,1.1066661,1.0976110772417278,1.0835332257542363
18.0,11.978416048694527,9.528862,10.150158973650516,9.685150641944801
19.0,16.04612407695502,19.164442,18.552162709129604,16.88254466767042
1.0,1.2987872590395337,1.1350331,1.3598517663966607,1.2937202190202028
4.0,6.807147748520776,6.31458,8.69931212114988,7.656207627521608
10.0,9.783453686539897,9.522109,11.328758940183487,11.610950988396707
39.0,11.359854760718044,8.851652,8.017143365947835,9.037705893911292
46.0,6.689605015678213,4.8164883,6.376424980785741,6.124379716356467
1.0,1.219028923635749,1.0469124,1.3272425210945267,1.2244340967823297
1.0,1.1329416786531237,1.3342934,1.3508783349216982,1.3496618319882883
1.0,1.2868873742490412,1.2021852,1.5349894936721085,1.3565385171383295
26.0,14.121468756193002,14.389082,11.791327552741096,12.317120959313556
46.0,12.874838037516051,12.495949,13.154132209947585,12.341923330724809
9.0,13.33423229056422,10.579865,10.145838562063465,10.963141541377155
19.0,12.653265662436802,11.396328,11.59964094515551,11.630134682063296
14.0,15.19740421714468,10.644467,12.294908443933158,11.7808624441582
9.0,13.312778564161738,13.96361,13.96019000618883,13.348924959325087
1.0,1.5348813357449091,1.3375859,1.4813606302607565,1.2105829212297756
18.0,18.189399829181678,14.763172,16.266199329342065,16.1983950089308
6.0,13.207158196762935,12.287633,13.881525032333114,12.237791642184215
4.0,6.801041372744666,6.1668944,6.095594686372669,5.923576093685538
9.0,17.689092841130815,18.98542,17.253803865355575,16.617122403602437
1.0,11.1622808876679,10.834077,8.45042203653439,8.708600860917954
10.0,11.519950220712078,9.565528,8.925212580361807,9.258777560772852
16.0,14.477166799224209,17.111626,18.70528132509251,17.891444233992875
12.0,17.505006444708616,14.640111,14.7737496715476,14.40837780063793
10.0,12.751864964289405,14.020081,11.532505735903879,11.774873028890429
6.0,6.9862678531440965,6.1880126,6.038891661086702,5.918101300834108
31.0,11.911895538611825,8.766727,11.222293457850974,11.857349935536217
13.0,16.5733049649464,17.346933,14.10277835984736,15.432647592964297
19.0,14.431518906891988,16.073826,15.222695973426493,15.420299533770052
43.0,13.870384345768478,13.054621,14.619829065142708,12.92086070977902
32.0,16.67905218458958,16.531176,15.596139108652881,16.14788386729777
2.0,3.8042327749523706,2.432618,2.2227874673395926,2.307783625139324
13.0,14.360171343346769,15.798435,12.114145786257168,12.802878540840755
9.0,8.549231119642648,7.20751,8.419383044636934,6.738204749067001
3.0,4.066380506692514,3.0432115,3.016514458959014,3.1214278392110257
1.0,3.5972528873520533,2.4219332,1.7923463376111872,2.061042248026783
7.0,17.528422882648165,15.810463,14.727197286084003,14.258874646515823
39.0,14.638037619797219,10.735796,13.471794073202698,12.124987880277432
1.0,2.474905194542141,1.6902332,1.4896768621608336,1.3418546248111571
8.0,13.918674156059705,15.786488,11.97469793008344,12.821757050511874
9.0,14.265300404020099,12.512862,9.210027127502201,10.899391818210471
18.0,12.178827460923452,14.488987,13.659228647189147,12.984857142893885
3.0,2.2445564593219007,1.4785619,1.502194031184223,1.6898632589465263
21.0,10.422890904946186,11.186799,12.483976247151277,12.925983389888941
1.0,11.786183503414572,9.905913,11.491020048141324,10.427515537417323
6.0,14.02881031551199,15.528397,15.541316088755057,15.499010351906271
2.0,7.904383425010844,6.389921,6.27435631219139,6.1953502804876015
8.0,15.149856820642832,15.023928,11.835078821900073,12.764428272837101
1.0,6.6634285173602255,3.9829507,4.890668071267912,4.392762458343975
5.0,9.650380336140863,8.511769,8.726808401735255,8.918976571551438
54.0,5.173826944559715,4.09329,5.139175454638813,5.847573360183231
54.0,8.278491207664507,8.83797,9.082416129434739,9.263704288422975
1.0,8.942696222198684,7.3313866,5.690222435083689,5.625812198573678
1.0,14.509639173743363,17.1261,15.56183513321687,17.02712519025214
17.0,24.385227307857285,25.640879,22.204622657126407,20.913344143693035
31.0,11.276908537975373,8.5710535,10.611620111119235,9.562643922448178
2.0,4.221028725572281,4.4080644,4.3010881727395915,4.512818962792009
3.0,1.803030413214954,2.3755498,2.0673033443346793,2.0390328896184875
1.0,4.204133964003357,3.8150363,2.9641888247858352,3.1478632266720856
11.0,15.762972395782757,13.961962,17.304916156505847,14.782598180851664
48.0,6.985436624045346,13.760932,15.547630203515304,13.894488376316836
3.0,3.628592885971959,2.3865757,2.46963992240298,2.545659512527791
1.0,2.2596048474451993,1.4471688,1.2369611106173175,1.1873775567108344
1.0,2.101869288859369,2.11246,2.2380226668958585,2.6019021631650867
1.0,7.626931091152844,4.280709,3.772165356849973,5.122595790378581
2.0,14.648132233848719,14.734047,11.840805755628347,13.178111331702846
64.0,24.70136155992689,29.50446,26.053910869655155,28.59171435497696
3.0,2.219942860096214,2.6455433,2.940680519266383,2.7698990440960243
15.0,7.728600867776063,11.038953,9.1917384801653,9.834418082289758
3.0,3.6575508594446893,6.581254,5.562125854002819,6.009519106760573
1.0,1.2350915243468568,1.2956398,1.5233286819677287,1.3019891837134856
3.0,3.5936023005292137,3.2197895,3.168724103639067,3.2385212253872
26.0,9.673485629964654,2.2324152,1.6729695644370968,2.085578402925741
2.0,6.590669324586122,4.1064143,3.237814465343951,3.454128918959608
1.0,1.5458881360650158,1.9241955,1.8897268806170824,1.974909741227345
2.0,1.7295170747400035,1.5882521,1.4056576972661285,1.4746799045214773
1.0,3.8813540093938332,3.8052883,3.386991342763582,3.389159635123975
2.0,1.3194633771779203,2.0232797,2.1061908004830174,2.1079791911399806
3.0,2.4302729698816545,3.006968,2.7737252088820106,2.8300012765494524
21.0,3.8956329891250476,2.4126778,2.1266858203827392,2.2455787975292147
4.0,4.049928402905526,4.393444,4.023669075785588,3.9418563792673327
28.0,2.7688773890512928,3.1575522,2.8850766622769344,3.057631100301405
1.0,4.564839944265392,4.4859734,4.710601165007407,4.542951296842475
2.0,2.19006834309662,2.7045078,2.749194235433295,2.546646858049961
29.0,3.0759555762204647,2.5827856,2.4541651381401386,2.5024943934288673
1.0,3.935808828078449,5.655493,5.978223756344507,5.5299644914726835
1.0,1.6418322173008506,2.1101675,1.7829633043304716,1.991746374533315
1.0,1.3109579801284967,1.4918923,1.6533872067040556,1.63068982194646
1.0,1.7357134842412916,1.9118772,2.2232547021883966,2.2162719259365407
3.0,2.4721433668267427,3.0421076,2.7890685678340352,2.9358380769500263
1.0,2.434706261701262,1.8364108,1.400050883022407,1.9184185062816606
32.0,3.945779249883362,3.8927026,5.124273797593582,4.698274430747271
21.0,17.466971819954146,19.818604,23.883278076778307,18.153376088350242
55.0,6.365250805764137,4.4789557,5.547961952756792,5.1204509653693755
1.0,1.1429595944896973,1.2572486,1.3736331944425766,1.361691940664334
1.0,1.8717854901672286,1.4270284,1.0302528804443734,1.1550407875102953
5.0,3.8369583581074833,4.1896,4.057485662695452,4.4247670820366745
47.0,11.418795355300349,6.414919,6.197983927321598,6.375085166630099
4.0,3.0525203746454643,5.466304,5.933911791935273,5.779149485150833
1.0,1.6115906572675383,2.125814,1.636228607612026,1.7848086020977774
19.0,5.29819237962125,6.4353304,6.705017647113453,7.306467432080286
2.0,4.0616935708335244,2.5522428,3.377267478720091,2.7448679500475555
1.0,1.7982625233729541,1.6547289,1.5638527030311713,1.4401853650540248
6.0,6.310194478334808,6.887361,5.534746760625341,6.168626416641209
1.0,1.3167713461979056,1.7493236,1.9805555138562423,1.9041245733840788
3.0,4.2189478912828395,5.4544477,4.30830577659952,4.547178010319613
6.0,4.308508861304038,6.1744466,6.490339039233181,7.131774503314
22.0,4.3950828887330955,5.9195137,5.162491412228234,5.506321445061442
30.0,6.9876905167119645,7.2050314,7.8218390143454535,6.489277811945659
1.0,7.313993335010439,6.821415,6.628365955706189,6.095689003156371
2.0,3.4593855793455326,2.4728496,2.9049614711627227,3.046101880806577
56.0,19.476060471115552,26.770296,19.3403355222371,20.683797898605082
7.0,4.193553852289023,4.538939,3.251828168371084,3.95786140079856
1.0,1.939742765726018,2.2969606,2.2640736673607864,2.1165065561878564
1.0,13.711453970630638,17.544432,17.784787099581543,16.31348985874596
20.0,19.812001350990112,24.112831,27.72413077608571,23.44801200161191
1.0,2.6110953955787464,2.0915656,2.355113772521888,2.2056000484859437
6.0,8.789611002230583,5.7337666,5.578107230250813,5.222506951269908
1.0,1.4313892899742524,1.2255132,1.4787781869440018,1.2613348262989414
1.0,3.3214548169049953,3.0630813,3.2325204664835923,3.011776103836355
5.0,4.050448857126272,4.785219,4.02112723138535,4.278110223098123
126.0,5.029768406553829,6.3995385,5.852449485608798,6.055503565710427
7.0,2.95855441020537,3.0841327,2.9067891172131572,2.9903672189614845
3.0,3.091855898667186,4.290951,3.1023636868667754,3.817450193407141
2.0,2.2956022833253047,3.8919067,2.77351493399885,2.8051277965079566
1.0,1.6835328762383157,1.357347,1.3020816001641702,1.3577327367500378
1.0,2.3691434181918347,2.6924102,2.865849054651031,2.592117188337316
155.0,14.75737455060281,22.776876,27.054011879177267,21.980261499930318
4.0,5.3124786764387695,4.2143626,4.2330576249071115,4.206337224946289
31.0,13.464323292912107,15.9503975,15.298527816571543,16.543689966681523
20.0,17.499984267604916,15.181492,14.553413167581393,14.39722642726388
14.0,10.353853619494389,14.9340925,13.656519903477678,12.615686033164824
1.0,4.248588211710189,2.7148647,4.667246161820096,4.124015362277323
1.0,1.4256056048256958,0.77289176,0.7967342668498636,0.8092588307931825
43.0,16.001973760863727,17.494635,13.567756893688268,15.351492801757963
1.0,1.9094488532469418,0.9048728,1.1350442346560516,0.8836797658605697
2.0,2.3115729511182512,1.8651485,1.8103486068038874,1.869737944771511
1.0,1.1669119818857636,1.3799288,1.8349774006103732,1.5154972654144014
2.0,1.9462754970948044,2.3623204,2.243251262646106,2.3831270542824035
1.0,1.175018426886199,1.1330073,1.4631056603116597,1.3353756769344587
1.0,1.4846096555195913,1.3873942,1.602914145485471,1.6304839182598267
1.0,2.0800046750914247,1.8411791,1.4736188671058383,1.6072842093878168
1.0,9.957982178514856,14.583705,12.720510619758484,12.624132907137907
49.0,21.71402205414972,29.461042,23.440294057939,25.325745305023784
6.0,4.287064645407195,6.5299,5.611325850781448,5.734324066597588
4.0,3.0519194328512826,3.3817291,3.3898023093682825,3.3232816313374896
3.0,3.168315502035103,3.2102828,3.241247515826812,3.343489723045189
5.0,3.2748371361358943,3.10892,2.9168467398958455,3.0318565511815816
2.0,1.5516305866406732,1.4966094,1.8165787300200926,1.9856549196789022
22.0,22.506468562209488,24.27251,26.28689092524496,24.1205487673017
1.0,2.4710937003785314,2.272468,1.8814169974626371,2.4991035692620254
1.0,1.4267318561146056,1.4584465,1.426535242022425,1.4989363063628982
1.0,1.1741301842152025,1.2787993,1.5280805192997455,1.4385174387394422
1.0,3.620348406869608,2.5811288,2.655727388593143,2.456942916087698
2.0,3.866260555746261,5.229929,6.992014283701235,6.181743554553835
18.0,11.959971700795897,12.329252,12.046139675394857,10.416907336357186
1.0,1.4152245951400197,0.92458594,1.080064088293506,1.131688498785016
2.0,3.02737699901226,3.5056071,3.725116466243051,3.4333771268060618
1.0,2.4561337092976228,2.1991212,2.3818082271974332,2.3217971455663764
5.0,9.180011114158898,9.635827,8.82251201556422,9.232356584445709
1.0,10.42848164436995,14.45554,15.487445180168809,14.010602909505582
13.0,22.584527267065805,26.37797,23.51062088916029,23.470454566607767
6.0,9.827510020653067,4.9931684,5.853537899138583,5.455057046284483
1.0,2.0518277274244605,2.4748695,2.687024280318394,2.8729421138794256
20.0,11.88374241756752,10.765669,13.074400973743659,11.92558499375111
1.0,3.179265851106389,2.7421224,3.2695969864112824,2.951516042618842
1.0,3.099155032058472,2.1435473,2.1176887824869577,2.3370567340222017
19.0,4.63370907955293,5.3844266,3.9042354067064675,4.881686875781836
1.0,1.6681373725533368,2.2652864,2.7806783870168084,2.5695197504544307
4.0,3.3596707423963066,3.197957,3.26486077060461,3.2949199107077334
12.0,17.320782634260517,26.099777,24.29060236395074,23.816147230841903
3.0,6.647311563292518,7.0749702,7.83682376692928,6.536145769743438
1.0,1.9124005695259276,1.8577828,1.939286026830946,2.042027036014454
1.0,1.273149210976031,1.3605492,1.5117907516394138,1.465145693892731
4.0,5.945794907507912,4.634506,4.099608597225196,4.286776995875051
14.0,9.75047272523594,10.940445,13.081119017198498,10.474676192245322
7.0,4.926119715008813,5.534402,5.798196190269089,5.377500225207069
6.0,3.0642687938427056,4.8674717,3.7688960710863704,3.764918360116784
5.0,2.975302964580399,4.2911224,3.858573446885476,4.124643791454911
1.0,1.9245678820211367,2.3602982,2.418882420228726,2.598513996320837
2.0,2.974413461673216,3.4256802,3.905086252596772,4.172687032258953
137.0,17.786845447150284,14.771198,18.93670390231869,17.10372345331763
39.0,5.316131456930497,6.7383122,6.39098529329337,6.137122285610462
3.0,3.209540425596199,3.3905988,3.7872200544190937,3.6538647974057916
8.0,3.641831650034791,4.5227885,4.509455311547606,4.552183995620323
1.0,3.152563752011754,4.4227834,4.033526215102158,4.101653234091889
47.0,5.9610676246907035,6.619645,6.828767934593586,6.318405920102253
2.0,3.5627986884515375,2.9606795,2.4643397107975584,2.6274294538326157
1.0,2.3312019730422207,2.1939144,2.154188040995386,2.2583207167862325
1.0,1.6616742966048128,1.9330637,2.3588627088383904,2.1101203932381543
1.0,1.447074428683984,2.1202865,2.4522891165499936,2.3755902689835855
3.0,2.3689573857259676,3.001997,2.611064900086159,2.7050288403926697
22.0,21.768584240820896,33.201645,31.11094414214169,28.847128110210164
1.0,3.9770194069281484,2.6240952,2.3057863260923597,3.019458579957467
1.0,6.139061381678595,4.2979517,3.8065803162907477,4.145047655133895
44.0,10.571325792321039,10.957398,18.694377805493122,12.649118559680309
7.0,2.1807592148971873,2.816469,2.731447656405622,2.7517019033730272
6.0,4.469408656086073,3.8085012,3.1703272950754453,3.4539755074775975
4.0,4.052520510863087,2.4342313,4.580359635694868,3.4781590957145845
17.0,14.918062988176896,17.951817,16.14535927937608,16.22816982475536
17.0,5.417731316677003,7.5056534,9.38041867340826,8.817318000123437
2.0,3.7722425375421835,2.8814657,1.4597980210958195,2.3885218651551137
1.0,2.735423731046028,2.7721899,2.7508097560607485,2.947176949253484
76.0,3.2255046284942015,7.4928474,7.031198749513624,7.151433714442744
8.0,3.4476322650208555,3.1241183,2.5924657335698784,3.2374020917068966
